<?xml version="1.0" encoding="UTF-8"?>
<!DOCTYPE mapper
        PUBLIC "-//mybatis.org//DTD Mapper 3.0//EN"
        "http://mybatis.org/dtd/mybatis-3-mapper.dtd">

<mapper namespace="com.itlike.mapper.AdminMapper">
	<select id="getAdminByLogin" resultType="Admin">
		SELECT * FROM [admin] WHERE a_name = #{username} and password = #{password};
	</select>
	
	
	<insert id="insertStu">
		insert into student(s_name,s_gender,s_age,password) 
		values (#{s_name},#{s_gender},#{s_age},#{password});
	</insert>
	
	<insert id="insertBook">
		insert into book(b_name) 
		values (#{b_name});
	</insert>
	
	<update id="updateStu">
		update student 
		set s_name = #{s_name},s_gender = #{s_gender},s_age = #{s_age},password = #{password} 
		where s_id = #{s_id};
	</update>
	
	<update id="updateBook">
		update book 
		set b_name = #{b_name} 
		where b_id = #{b_id};
	</update>
	
	<delete id="deleteStu">
		delete from student where s_id = #{id};
	</delete>
	
	<delete id="deleteBook">
		delete from book where b_id = #{id};
	</delete>
	
	<select id="selectAllCountBooks" resultType="java.lang.Long">
		select count(*) from book;
	</select>
	
	<select id="selectBooks" resultType="com.itlike.domain.Book">
		select * from book
		<trim prefix="where" prefixOverrides="and" suffixOverrides="and">
			<if test="b_id != 0 and b_id != null">
				b_id = #{b_id}
			</if>
			<if test="b_name != '' and b_name != null">
				and b_name = #{b_name}
			</if>
			<if test="borrow_id != 0 and borrow_id != null">
				and borrow_id = #{borrow_id}
			</if>
		</trim>
	</select>
	
	<select id="selectBorrowCount" resultType="java.lang.Long">
		select count(*) from book where borrow_id is not null;
	</select>
	
	
</mapper>