<?xml version="1.0" encoding="UTF-8"?>
<!DOCTYPE mapper
        PUBLIC "-//mybatis.org//DTD Mapper 3.0//EN"
        "http://mybatis.org/dtd/mybatis-3-mapper.dtd">

<mapper namespace="com.itlike.mapper.StudentMapper">
	
	<select id="getStudentByLogin" resultType="Student">
		SELECT * FROM [student] WHERE s_name = #{username} and password = #{password};
	</select>
	
	<select id="selectBooksByStu" resultType="com.itlike.domain.Book">
		select * from book
		<trim prefix="where" prefixOverrides="and" suffixOverrides="and">
			<if test="b_id != 0 and b_id != null">
				b_id = #{b_id}
			</if>
			<if test="b_name != '' and b_name != null">
				and b_name like concat('%','${b_name}','%')
			</if>
		</trim>
	</select>
	
	<select id="selectBookById" resultType="com.itlike.domain.Book">
		select * from book where b_id = #{id}
	</select>
	
	<select id="selectBorrowBooks" resultType="com.itlike.domain.Book">
		select * from book where borrow_id = #{s_id} and
		b_name like concat('%','${b_name}','%')
		
	</select>
	
	<insert id="insertStudent" parameterType="Student" useGeneratedKeys="true" keyProperty="student_id" keyColumn="student_id">
		insert into [student] values(#{student_name});
	</insert>
	
	<update id="borrowBook">
		update book set borrow_id = #{s_id} where b_id = #{b_id}
	</update>
	
	<update id="returnBook">
		update book set borrow_id = null where b_id = #{b_id}
	</update>
	
	<update id="updatePassword">
		update student set password = #{password} where s_id = #{s_id}
	</update>
	
</mapper>