<?xml version="1.0" encoding="UTF-8" ?>
<!DOCTYPE configuration
        PUBLIC "-//mybatis.org//DTD Config 3.0//EN"
        "http://mybatis.org/dtd/mybatis-3-config.dtd">
<configuration>

	<properties resource="db.properties">
		<property name="jdbc.username" value="saa"/>
		<!-- 先读取标签里面的，再读取文件里的 -->
	</properties>
	
    <!--配置sql打印-->
    <settings>
        <setting name="logImpl" value="STDOUT_LOGGING"/>
        <!-- <setting name="mapUnderscoreToCamelCase" value="true"/> -->	<!-- 驼峰命名 -->
        <setting name="lazyLoadingEnabled" value="true"/>
    </settings>
    
    <typeAliases>
    	<!-- 单个别名定义 -->
    	<!-- <typeAlias alias="Customer" type="com.itlike.domain.Customer"/> -->
    	<!-- 批量定义别名，别名为类名 -->
    	<package name="com.itlike.domain"/>
    </typeAliases>
    
    <!-- spring整合后 environments配置将废除 使用spring中的连接池 -->
    <environments default="development">
        <environment id="development">
            <!-- 使用jdbc事务管理 -->
            <transactionManager type="JDBC" />
            <!-- 数据库连接池 -->
            <dataSource type="POOLED">
                <property name="driver" value="${jdbc.driven}" />
                <property name="url" value="${jdbc.url}" />
                <property name="username" value="${jdbc.username}" />
                <property name="password" value="${jdbc.password}" />
            </dataSource>
        </environment>
    </environments>
    
    <databaseIdProvider type="DB_VENDOR">
		<property value="mysql" name="MySQL"/>
		<property value="db2" name="DB2"/>
		<property value="oracle" name="Oracle"/>
		<property value="sqlserver" name="SQL Server"/>
	</databaseIdProvider>
    
    <!--加载映射文件-->
    <mappers>
    	<!-- 名称必须与接口名一致，和mapper接口在同一目录下 -->
        <package name="com.itlike.mapper"/>
    </mappers>
</configuration>